,SPY,MAS,SNA,PGR,ATO,AMP,MHK,CTAS,GPS
57,240.509994506836,32.58000183105469,107.02999877929688,67.04000091552734,98.51000213623048,95.43000030517578,66.37999725341797,183.0,8.069999694824219
58,228.8000030517578,29.46999931335449,99.87000274658205,68.27999877929688,86.19999694824219,89.83000183105469,58.65999984741211,175.08999633789062,7.21999979019165
59,222.9499969482422,27.530000686645508,95.56999969482422,66.55000305175781,80.5,82.87999725341797,63.33000183105469,157.05999755859375,6.28000020980835
60,243.1499938964844,31.6200008392334,106.58999633789062,69.04000091552734,88.58999633789062,100.05999755859376,77.29000091552734,173.8000030517578,8.130000114440918
61,246.7899932861328,34.119998931884766,109.94000244140624,69.94999694824219,90.3000030517578,103.5999984741211,82.37000274658203,192.3300018310547,8.979999542236328
62,261.20001220703125,35.70000076293945,113.54000091552734,75.81999969482422,96.2699966430664,110.87000274658205,82.29000091552734,192.5800018310547,8.449999809265137
63,253.4199981689453,34.650001525878906,107.8499984741211,73.54000091552734,97.41000366210938,103.33000183105467,78.04000091552734,181.57000732421875,7.789999961853027
64,261.6499938964844,35.27000045776367,113.02999877929688,76.18000030517578,102.81999969482422,109.1500015258789,80.1500015258789,180.4499969482422,7.420000076293945
65,257.75,34.56999969482422,108.81999969482422,73.83999633789062,99.2300033569336,102.4800033569336,76.23999786376953,173.22000122070312,7.039999961853027
66,246.1499938964844,33.20000076293945,104.26000213623048,72.36000061035156,94.63999938964844,94.30999755859376,66.91999816894531,162.69000244140625,5.889999866485596
67,251.8300018310547,33.0099983215332,100.77999877929688,76.55999755859375,97.37000274658205,94.0500030517578,64.86000061035156,165.19000244140625,5.5
68,248.19000244140625,32.40999984741211,95.5199966430664,75.94000244140625,94.16000366210938,90.31999969482422,62.0099983215332,164.22999572753906,5.650000095367432
69,264.8599853515625,35.380001068115234,106.05999755859376,75.98999786376953,103.62999725341795,102.58000183105467,73.3499984741211,179.49000549316406,6.590000152587891
70,265.1300048828125,37.40999984741211,109.83000183105467,75.5999984741211,98.41999816894533,103.4800033569336,81.18000030517578,185.8999938964844,6.96999979019165
71,274.0299987792969,39.540000915527344,116.41999816894533,77.80999755859375,102.6500015258789,111.69000244140624,85.08999633789062,192.4100036621093,7.849999904632568
72,278.20001220703125,40.369998931884766,122.12000274658205,80.38999938964844,105.1999969482422,120.47000122070312,88.01000213623047,198.7400054931641,9.09000015258789
73,275.6600036621094,39.40999984741211,114.16000366210938,77.0999984741211,103.2699966430664,114.91999816894533,83.41000366210938,195.0800018310547,8.329999923706055
74,283.7900085449219,39.709999084472656,116.18000030517578,80.47000122070312,108.11000061035156,114.3000030517578,82.73999786376953,201.6999969482422,8.430000305175781
75,277.760009765625,38.22999954223633,109.66999816894533,79.25,106.3499984741211,104.1500015258789,79.30000305175781,187.07000732421875,7.710000038146973
76,279.1000061035156,39.09000015258789,110.79000091552734,79.08999633789062,105.08999633789062,101.69000244140624,74.73999786376953,190.63999938964844,7.630000114440918
77,286.6400146484375,39.9900016784668,118.33000183105467,82.5,110.6999969482422,110.9499969482422,79.5999984741211,204.1600036621093,8.350000381469727
78,281.5899963378906,39.04999923706055,114.66000366210938,81.94000244140625,102.52999877929688,110.11000061035156,76.23999786376953,193.9100036621093,7.840000152587891
79,273.0400085449219,38.459999084472656,110.54000091552734,81.25,100.79000091552734,103.4499969482422,73.05000305175781,190.5,7.559999942779541
80,279.1000061035156,39.25,113.76000213623048,82.48999786376953,102.31999969482422,104.91000366210938,75.05999755859375,197.44000244140625,7.110000133514404
81,279.0799865722656,39.68000030517578,113.66999816894533,81.61000061035156,101.33000183105467,104.3499984741211,77.31999969482422,199.4199981689453,7.099999904632568
82,282.9700012207031,40.04999923706055,116.06999969482422,82.87000274658203,104.41000366210938,107.4800033569336,78.95999908447266,200.17999267578125,6.900000095367432
83,287.04998779296875,41.52999877929688,125.04000091552734,82.95999908447266,105.5500030517578,112.4499969482422,83.73999786376953,212.47000122070312,7.789999961853027
84,285.7300109863281,41.720001220703125,126.38999938964844,81.13999938964844,107.1500015258789,113.4800033569336,87.51000213623047,218.1699981689453,8.609999656677246
85,293.2099914550781,41.5,135.52000427246094,79.80000305175781,104.86000061035156,118.0199966430664,93.0199966430664,230.9499969482422,9.050000190734863
86,290.4800109863281,41.040000915527344,130.2899932861328,77.30000305175781,101.97000122070312,114.94000244140624,87.72000122070312,221.8300018310547,8.119999885559082
87,282.7900085449219,40.040000915527344,124.0500030517578,76.18000030517578,100.0999984741211,111.26000213623048,83.37999725341797,211.8099975585937,7.829999923706055
88,283.57000732421875,39.84000015258789,121.4000015258789,75.8499984741211,100.75,113.05999755859376,84.98999786376953,209.63999938964844,7.940000057220459
89,286.19000244140625,40.81999969482422,121.66999816894533,78.04000091552734,101.7699966430664,110.7300033569336,82.43000030517578,210.7400054931641,7.449999809265137
90,284.25,41.290000915527344,119.6999969482422,76.19000244140625,96.5500030517578,107.27999877929688,78.9800033569336,210.1699981689453,7.170000076293945
91,287.67999267578125,41.54999923706055,122.20999908447266,74.93000030517578,96.37999725341795,121.7300033569336,80.37000274658203,213.3999938964844,7.420000076293945
92,292.44000244140625,42.13999938964844,127.33000183105467,74.2699966430664,97.33000183105467,125.61000061035156,84.86000061035156,218.2100067138672,8.100000381469727
93,292.5,41.540000915527344,124.83999633789062,73.16999816894531,96.77999877929688,123.87000274658205,80.9000015258789,214.3800048828125,7.670000076293945
94,286.6700134277344,40.150001525878906,122.73999786376952,72.19000244140625,96.37000274658205,121.1500015258789,77.81999969482422,205.75,7.320000171661377
95,281.6000061035156,39.86000061035156,120.0500030517578,72.76000213623047,96.44000244140624,117.37000274658205,73.94000244140625,199.47000122070312,6.940000057220459
96,284.9700012207031,41.38999938964844,123.88999938964844,73.73999786376953,94.88999938964844,122.5999984741211,75.95999908447266,228.7100067138672,7.170000076293945
97,286.2799987792969,42.720001220703125,122.9499969482422,76.20999908447266,95.11000061035156,121.9800033569336,76.58000183105469,227.4199981689453,7.599999904632568
98,295.0,44.43000030517578,134.38999938964844,76.62000274658203,98.5199966430664,131.92999267578125,85.97000122070312,236.42999267578125,7.820000171661377
99,291.9700012207031,45.15999984741211,132.8699951171875,75.87000274658203,96.3000030517578,128.5399932861328,82.44000244140625,238.97999572753903,7.610000133514404
100,296.92999267578125,45.91999816894531,133.72000122070312,74.88999938964844,99.41000366210938,131.6300048828125,83.02999877929688,240.52999877929688,7.340000152587891
101,294.8800048828125,44.93999862670898,132.8699951171875,75.0199966430664,97.77999877929688,132.1199951171875,84.13999938964844,242.5599975585937,8.1899995803833
102,295.44000244140625,44.81999969482422,128.8800048828125,74.72000122070312,98.33000183105467,132.4600067138672,83.30999755859375,240.6499938964844,8.210000038146973
103,299.0799865722656,46.790000915527344,137.0,74.12999725341797,97.5999984741211,140.0399932861328,93.47000122070312,252.72999572753903,8.930000305175781
104,303.5299987792969,47.06999969482422,136.2100067138672,76.47000122070312,99.18000030517578,146.22000122070312,99.43000030517578,251.5800018310547,10.56999969482422
105,302.9700012207031,46.83000183105469,133.75,76.58999633789062,101.68000030517578,143.63999938964844,93.16000366210938,251.72000122070312,9.59000015258789
106,304.32000732421875,46.650001525878906,129.69000244140625,77.68000030517578,102.77999877929688,140.07000732421875,93.1999969482422,247.9600067138672,8.899999618530273
107,305.54998779296875,46.70000076293945,130.00999450683594,78.33999633789062,102.9499969482422,143.94000244140625,93.08999633789062,250.94000244140625,9.890000343322754
108,308.0799865722656,47.5,134.4199981689453,79.08000183105469,103.25,146.39999389648438,97.0,255.0,10.649999618530272
109,312.17999267578125,48.560001373291016,140.97999572753906,79.11000061035156,104.76000213623048,151.47999572753906,104.45999908447266,270.8099975585937,11.949999809265137
110,311.3599853515625,47.79999923706055,142.91000366210938,78.80000305175781,104.22000122070312,153.1199951171875,108.0,269.2099914550781,12.140000343322754
111,319.3399963378906,48.630001068115234,152.1999969482422,81.87000274658203,104.52999877929688,155.57000732421875,108.6500015258789,286.5,12.3100004196167
112,323.20001220703125,48.310001373291016,156.05999755859375,81.51000213623047,106.02999877929688,162.6999969482422,115.69000244140624,291.510009765625,13.649999618530272
113,320.7900085449219,47.84000015258789,151.44000244140625,81.0199966430664,104.31999969482422,159.58999633789062,112.72000122070312,282.9100036621094,12.470000267028809
114,319.0,47.7599983215332,145.5500030517578,80.27999877929688,103.73999786376952,154.0500030517578,106.0500030517578,278.17999267578125,11.029999732971191
115,300.6099853515625,45.52999877929688,133.3300018310547,75.91999816894531,99.2699966430664,139.08999633789062,95.97000122070312,264.0,10.140000343322754
116,304.2099914550781,45.790000915527344,135.00999450683594,76.5999984741211,100.43000030517578,146.63999938964844,97.73999786376952,266.20001220703125,10.539999961853027
117,307.04998779296875,47.02999877929688,135.4600067138672,79.29000091552734,101.08000183105467,150.17999267578125,97.72000122070312,266.5299987792969,10.489999771118164
118,312.9599914550781,48.33000183105469,137.25999450683594,80.43000030517578,102.26000213623048,153.50999450683594,98.25,273.6300048828125,11.380000114440918
119,311.6600036621094,48.380001068115234,135.97000122070312,79.20999908447266,101.18000030517578,149.69000244140625,95.3499984741211,273.2799987792969,10.760000228881836
120,311.7799987792969,48.2599983215332,135.61000061035156,80.87000274658203,101.4499969482422,150.52999877929688,94.88999938964844,275.8099975585937,10.90999984741211
121,308.6400146484375,48.4900016784668,135.88999938964844,80.98999786376953,99.72000122070312,148.35000610351562,93.06999969482422,270.1600036621094,10.65999984741211
122,310.6199951171875,49.209999084472656,134.88999938964844,80.81999969482422,100.12000274658205,148.27999877929688,92.22000122070312,270.0599975585937,11.539999961853027
123,312.04998779296875,49.09999847412109,137.0800018310547,80.05999755859375,98.83999633789062,148.61000061035156,103.87999725341795,272.54998779296875,11.489999771118164
124,304.0899963378906,47.72999954223633,130.82000732421875,77.29000091552734,98.95999908447266,142.9600067138672,99.29000091552734,261.6300048828125,10.420000076293944
125,307.3500061035156,48.70000076293945,131.69000244140625,79.9000015258789,97.06999969482422,151.5500030517578,98.36000061035156,262.57000732421875,10.15999984741211
126,300.04998779296875,48.29999923706055,133.55999755859375,77.88999938964844,97.45999908447266,147.02999877929688,95.70999908447266,256.5,12.06999969482422
127,304.4599914550781,48.880001068115234,136.10000610351562,78.4000015258789,98.37999725341795,148.36000061035156,99.8000030517578,263.6099853515625,12.510000228881836
128,308.3599853515625,50.209999084472656,138.50999450683594,80.11000061035156,99.58000183105467,150.0399932861328,101.76000213623048,266.3599853515625,12.619999885559082
129,310.5199890136719,49.650001525878906,134.1199951171875,79.80000305175781,100.69000244140624,145.8300018310547,97.51000213623048,267.9700012207031,12.470000267028809
130,312.2300109863281,50.13999938964844,135.99000549316406,79.2300033569336,101.18000030517578,145.4499969482422,99.20999908447266,270.6499938964844,12.279999732971191
131,317.04998779296875,50.34000015258789,137.00999450683594,79.41999816894531,101.23999786376952,150.1999969482422,103.26000213623048,273.6300048828125,12.510000228881836
132,313.7799987792969,50.02000045776367,134.16000366210938,78.0199966430664,100.06999969482422,146.1300048828125,95.9800033569336,269.9800109863281,11.970000267028809
133,316.17999267578125,50.18999862670898,132.83999633789062,77.37000274658203,99.37999725341795,148.41000366210938,91.38999938964844,271.3099975585937,12.31999969482422
134,314.3800048828125,49.68999862670898,128.88999938964844,77.79000091552734,97.69000244140624,143.2899932861328,73.12000274658203,266.1400146484375,11.770000457763672
135,317.5899963378906,49.79999923706055,131.89999389648438,80.76000213623047,99.08999633789062,148.5800018310547,70.47000122070312,266.8800048828125,11.649999618530272
136,314.8399963378906,49.95000076293945,133.3800048828125,80.33000183105469,99.69000244140624,147.99000549316406,76.5999984741211,266.3599853515625,11.18000030517578
137,318.9200134277344,51.02999877929688,136.44000244140625,84.5,100.43000030517578,149.8000030517578,74.20999908447266,270.29998779296875,11.149999618530272
138,321.8500061035156,51.52999877929688,141.44000244140625,85.88999938964844,100.63999938964844,154.10000610351562,76.54000091552734,278.3999938964844,12.56999969482422
139,320.7900085449219,52.34000015258789,142.82000732421875,87.11000061035156,100.5500030517578,152.88999938964844,77.93000030517578,277.45001220703125,13.06999969482422
140,321.7200012207031,53.310001373291016,139.9499969482422,87.62999725341797,101.05999755859376,153.3699951171875,78.4800033569336,280.0599975585937,12.890000343322754
141,324.32000732421875,53.41999816894531,137.16000366210938,88.12999725341797,99.80999755859376,154.3800048828125,78.77999877929688,277.82000732421875,12.40999984741211
142,325.010009765625,53.900001525878906,139.69000244140625,88.8499984741211,102.1500015258789,157.3300018310547,79.41999816894531,284.0799865722656,12.770000457763672
143,326.8599853515625,55.150001525878906,139.38999938964844,90.13999938964844,104.02999877929688,157.9600067138672,83.87000274658203,289.3599853515625,12.829999923706056
144,322.9599914550781,54.29999923706055,142.3300018310547,88.63999938964844,103.6999969482422,156.80999755859375,83.66000366210938,303.010009765625,13.039999961853027
145,320.8800048828125,54.09999847412109,141.75,87.86000061035156,103.0,155.25999450683594,85.01000213623047,302.6000061035156,12.619999885559082
146,323.2200012207031,55.88999938964844,145.61000061035156,87.30000305175781,102.56999969482422,156.33999633789062,87.33000183105469,298.2799987792969,12.869999885559082
147,321.1700134277344,54.47999954223633,143.0,87.41999816894531,104.5999984741211,154.0500030517578,85.13999938964844,293.5599975585937,13.0600004196167
148,325.1199951171875,56.34000015258789,146.02000427246094,88.91999816894531,105.66000366210938,156.91000366210938,86.01000213623047,305.79998779296875,14.149999618530272
149,323.9599914550781,57.02999877929688,145.3000030517578,88.5199966430664,105.41999816894533,152.0399932861328,83.29000091552734,301.8099975585937,13.630000114440918
150,326.5199890136719,57.15999984741211,145.8699951171875,90.33999633789062,105.98999786376952,153.6300048828125,79.8499984741211,301.8699951171875,13.369999885559082
151,328.7900085449219,57.720001220703125,143.6199951171875,89.88999938964844,105.30999755859376,155.69000244140625,79.44999694824219,298.739990234375,13.109999656677246
152,330.0599975585937,57.2599983215332,143.75999450683594,90.25,104.80999755859376,153.4199981689453,81.25,301.6400146484375,13.449999809265137
153,332.1099853515625,57.09000015258789,148.16000366210938,90.62000274658205,103.69000244140624,156.1699981689453,85.18000030517578,299.9700012207031,13.880000114440918
154,334.3299865722656,57.43000030517578,146.22999572753906,89.61000061035156,104.6999969482422,155.85000610351562,86.36000061035156,303.0299987792969,13.670000076293944
155,334.57000732421875,58.16999816894531,147.3000030517578,90.7300033569336,105.70999908447266,159.83999633789062,85.6500015258789,310.010009765625,14.079999923706056
156,335.57000732421875,58.33000183105469,150.08999633789062,90.12000274658205,106.04000091552734,160.8300018310547,90.66000366210938,316.3999938964844,14.640000343322754
157,332.79998779296875,57.16999816894531,153.8800048828125,89.0199966430664,103.52999877929688,162.5500030517578,91.29000091552734,318.3299865722656,15.020000457763672
158,337.44000244140625,58.209999084472656,153.3800048828125,89.01000213623047,104.95999908447266,161.0800018310547,91.44000244140624,319.8900146484375,15.149999618530272
159,336.8299865722656,58.220001220703125,153.10000610351562,89.04000091552734,104.62000274658205,159.0,89.01000213623047,318.9800109863281,14.829999923706056
160,336.8399963378906,57.959999084472656,153.63999938964844,88.97000122070312,104.5,159.66000366210938,90.26000213623048,316.44000244140625,15.079999923706056
161,337.9100036621094,59.18999862670898,153.13999938964844,88.83000183105469,104.12000274658205,157.8300018310547,91.6500015258789,320.989990234375,15.390000343322754
162,338.6400146484375,58.900001525878906,151.77000427246094,89.73999786376953,103.0,156.5,90.5999984741211,318.7699890136719,14.960000038146973
163,337.2300109863281,58.5,150.3000030517578,90.41000366210938,102.63999938964844,156.85000610351562,90.16999816894533,318.5,14.880000114440918
164,338.2799987792969,58.0,148.8699951171875,90.83999633789062,101.6999969482422,155.13999938964844,89.8499984741211,320.0299987792969,14.579999923706056
165,339.4800109863281,58.70000076293945,147.89999389648438,91.81999969482422,100.83999633789062,154.50999450683594,90.31999969482422,320.3900146484375,14.43000030517578
166,342.9200134277344,59.06999969482422,149.25999450683594,92.0,101.91000366210938,157.72000122070312,93.51000213623048,325.3599853515625,15.5
167,344.1199951171875,59.34000015258789,147.8300018310547,92.7699966430664,100.44000244140624,156.99000549316406,93.31999969482422,324.7300109863281,17.110000610351562
168,347.57000732421875,59.09999847412109,147.2100067138672,92.16999816894533,99.3000030517578,155.74000549316406,93.26000213623048,325.95001220703125,17.030000686645508
169,348.3299865722656,58.400001525878906,147.6199951171875,93.30999755859376,98.9800033569336,159.10000610351562,96.95999908447266,328.7799987792969,17.3799991607666
170,350.5799865722656,58.540000915527344,150.33999633789062,93.68000030517578,99.58000183105467,158.88999938964844,96.33000183105467,333.8800048828125,17.540000915527344
171,349.3099975585937,58.29999923706055,148.27000427246094,95.04000091552734,99.81999969482422,156.8000030517578,92.33000183105467,333.239990234375,17.389999389648438
172,352.6000061035156,59.36000061035156,151.3300018310547,93.87000274658205,97.43000030517578,157.16000366210938,91.93000030517578,335.3099975585937,17.770000457763672
173,357.70001220703125,59.83000183105469,155.16000366210938,95.0,98.43000030517578,159.72999572753906,93.91999816894533,342.3800048828125,18.38999938964844
174,345.3900146484375,57.15999984741211,151.3000030517578,93.29000091552734,98.08999633789062,156.33999633789062,91.29000091552734,330.70001220703125,17.68000030517578
175,342.57000732421875,56.41999816894531,151.22000122070312,92.94000244140624,97.22000122070312,156.5399932861328,92.43000030517578,331.1099853515625,17.520000457763672
176,333.2099914550781,56.0,147.6699981689453,91.80999755859376,96.12000274658205,149.50999450683594,92.54000091552734,318.7799987792969,17.299999237060547
177,339.7900085449219,57.95000076293945,150.4499969482422,94.66999816894533,96.6500015258789,150.10000610351562,94.08999633789062,325.92999267578125,17.469999313354492
178,333.8900146484375,57.68999862670898,147.7100067138672,94.3499984741211,94.2699966430664,150.07000732421875,93.75,317.4800109863281,16.989999771118164
179,334.0599975585937,58.540000915527344,147.82000732421875,94.9800033569336,93.20999908447266,152.10000610351562,96.94000244140624,320.95001220703125,16.639999389648438
180,338.4599914550781,59.400001525878906,152.8300018310547,96.26000213623048,93.31999969482422,156.02999877929688,100.45999908447266,327.8099975585937,17.309999465942383
181,340.1700134277344,59.150001525878906,152.9600067138672,95.08000183105467,92.3499984741211,153.85000610351562,98.79000091552734,328.1700134277344,16.8700008392334
182,338.82000732421875,59.06999969482422,149.08999633789062,95.08000183105467,93.88999938964844,157.42999267578125,100.29000091552734,326.2099914550781,17.239999771118164
183,335.8399963378906,57.54999923706055,148.7100067138672,95.43000030517578,93.41999816894533,157.0,103.37999725341795,325.010009765625,16.899999618530273
184,330.6499938964844,57.68999862670898,147.52999877929688,96.86000061035156,92.0,157.7100067138672,101.16000366210938,318.2699890136719,16.790000915527344
185,326.9700012207031,55.88999938964844,140.9199981689453,97.36000061035156,92.2699966430664,150.38999938964844,95.87999725341795,316.5899963378906,16.399999618530273
186,330.29998779296875,56.58000183105469,144.49000549316406,94.41999816894533,93.72000122070312,148.69000244140625,96.30999755859376,324.010009765625,16.709999084472656
187,322.6400146484375,54.27999877929688,141.08999633789062,91.19000244140624,92.87000274658205,145.35000610351562,94.6999969482422,316.7099914550781,16.549999237060547
188,323.5,54.4900016784668,141.38999938964844,92.1999969482422,93.58999633789062,144.61000061035156,94.80999755859376,318.6400146484375,16.31999969482422
189,328.7300109863281,54.9900016784668,142.0399932861328,92.5999984741211,95.25,146.74000549316406,94.23999786376952,327.1700134277344,16.290000915527344
190,334.19000244140625,56.720001220703125,146.7100067138672,93.9800033569336,95.04000091552734,151.47999572753906,98.41999816894533,336.0,17.200000762939453
191,332.3699951171875,56.119998931884766,145.39999389648438,94.1500015258789,95.0999984741211,150.3800048828125,96.2699966430664,330.2799987792969,16.709999084472656
192,334.8900146484375,55.130001068115234,147.1300048828125,94.66999816894533,95.58999633789062,154.11000061035156,97.58999633789062,332.8299865722656,17.030000686645508
193,337.0400085449219,55.13999938964844,145.1199951171875,93.45999908447266,95.47000122070312,155.30999755859375,98.4000015258789,341.92999267578125,17.8700008392334
194,333.8399963378906,55.290000915527344,148.1199951171875,94.20999908447266,96.0199966430664,158.85000610351562,102.19000244140624,335.04998779296875,18.350000381469727
195,339.760009765625,56.06999969482422,151.6300048828125,95.9800033569336,95.22000122070312,162.66000366210938,106.9800033569336,336.3999938964844,19.229999542236328
196,334.92999267578125,54.34999847412109,156.0500030517578,95.12000274658205,96.9800033569336,159.8000030517578,104.91000366210938,330.7200012207031,18.6299991607666
197,340.760009765625,55.88999938964844,158.39999389648438,96.41000366210938,96.37999725341795,164.88999938964844,106.37999725341795,335.70001220703125,19.780000686645508
198,343.7799987792969,57.34000015258789,158.38999938964844,97.97000122070312,96.79000091552734,169.30999755859375,109.01000213623048,337.9800109863281,19.82999992370605
199,346.8500061035156,57.470001220703125,157.2100067138672,99.87999725341795,96.51000213623048,170.33999633789062,104.23999786376952,339.5299987792969,19.809999465942383
200,352.42999267578125,57.68000030517578,157.75999450683594,101.37999725341795,96.61000061035156,172.0399932861328,105.1500015258789,349.0,19.280000686645508
201,350.1300048828125,56.709999084472656,155.47000122070312,100.2699966430664,95.41000366210938,166.72999572753906,102.23999786376952,352.67999267578125,19.34000015258789
202,347.92999267578125,56.880001068115234,156.8300018310547,99.6500015258789,95.04000091552734,167.07000732421875,103.61000061035156,351.19000244140625,19.61000061035156
203,347.5,57.45000076293945,157.97000122070312,97.51000213623048,94.5,170.97999572753906,103.0,348.3800048828125,19.86000061035156
204,347.2900085449219,57.459999084472656,159.16000366210938,96.5199966430664,94.48999786376952,169.9499969482422,105.37999725341795,348.3999938964844,19.31999969482422
205,342.010009765625,55.869998931884766,155.9600067138672,95.77999877929688,94.23999786376952,169.0399932861328,101.58000183105467,341.32000732421875,19.100000381469727
206,343.3800048828125,56.18000030517578,154.92999267578125,94.58999633789062,94.27999877929688,167.99000549316406,102.88999938964844,343.6600036621094,19.030000686645508
207,342.7300109863281,56.11000061035156,155.27000427246094,93.5999984741211,95.54000091552734,166.75,99.70999908447266,338.69000244140625,18.61000061035156
208,344.6099853515625,55.43999862670898,169.4499969482422,94.38999938964844,96.63999938964844,170.32000732421875,101.93000030517578,338.5,21.14999961853028
209,345.7799987792969,54.7599983215332,169.38999938964844,94.62000274658205,97.69000244140624,170.38999938964844,104.68000030517578,338.07000732421875,21.420000076293945
210,339.3900146484375,53.95000076293945,164.25,93.83999633789062,97.4800033569336,165.61000061035156,99.31999969482422,328.92999267578125,20.600000381469727
211,338.2200012207031,53.56999969482422,158.4199981689453,93.8000030517578,97.06999969482422,162.38999938964844,97.31999969482422,324.010009765625,20.350000381469727
212,326.6600036621094,53.77000045776367,154.67999267578125,91.56999969482422,92.69000244140624,158.25,92.20999908447266,315.5400085449219,19.3700008392334
213,329.9800109863281,53.970001220703125,155.91000366210938,91.05999755859376,92.08000183105467,161.11000061035156,93.0500030517578,319.9200134277344,19.64999961853028
214,326.5400085449219,53.59999847412109,157.52999877929688,91.9000015258789,91.66999816894533,160.8300018310547,103.19000244140624,314.54998779296875,19.450000762939453
215,330.20001220703125,54.7400016784668,163.80999755859375,94.4000015258789,95.51000213623048,164.4499969482422,114.69000244140624,320.3699951171875,20.82999992370605
216,336.0299987792969,55.959999084472656,163.9199981689453,94.47000122070312,97.62999725341795,167.4499969482422,116.98999786376952,330.0199890136719,20.950000762939453
217,343.5400085449219,57.31999969482422,157.6300048828125,95.86000061035156,95.58999633789062,168.39999389648438,118.08999633789062,337.3699951171875,20.93000030517578
218,350.239990234375,57.66999816894531,161.7100067138672,97.29000091552734,95.0199966430664,172.69000244140625,122.16999816894533,339.07000732421875,21.299999237060547
219,350.1600036621094,58.06999969482422,162.64999389648438,97.91000366210938,93.63999938964844,169.77999877929688,120.58000183105467,340.92999267578125,21.43000030517578
220,354.5599975585937,53.7400016784668,168.25999450683594,90.38999938964844,97.79000091552734,182.94000244140625,122.2300033569336,363.4599914550781,23.059999465942383
221,354.0400085449219,53.56999969482422,172.6699981689453,92.6500015258789,102.4499969482422,183.1699981689453,122.8000030517578,358.67999267578125,23.34000015258789
222,356.6700134277344,54.650001525878906,170.17999267578125,92.72000122070312,100.73999786376952,181.3000030517578,118.94000244140624,360.0400085449219,22.799999237060547
223,353.2099914550781,54.08000183105469,167.4199981689453,94.68000030517578,98.72000122070312,177.3000030517578,117.83000183105467,349.6700134277344,21.729999542236328
224,358.1000061035156,55.150001525878906,171.32000732421875,95.66000366210938,102.16000366210938,184.8800048828125,123.13999938964844,356.0,22.06999969482422
225,362.5700073242188,55.290000915527344,174.61000061035156,95.9000015258789,101.27999877929688,185.97000122070312,129.1199951171875,368.6600036621094,24.15999984741211
226,360.6199951171875,55.720001220703125,172.5800018310547,94.93000030517578,100.0500030517578,184.22999572753903,131.14999389648438,361.4100036621094,24.559999465942383
227,356.2799987792969,55.02999877929688,171.2100067138672,94.4499969482422,96.16999816894533,183.3300018310547,128.25,360.489990234375,23.670000076293945
228,357.7799987792969,55.2400016784668,171.72000122070312,94.2699966430664,95.0999984741211,183.6300048828125,126.9800033569336,367.8900146484375,24.39999961853028
229,355.3299865722656,54.59999847412109,172.9199981689453,93.13999938964844,95.66999816894533,179.8000030517578,127.1500015258789,361.8500061035156,24.3700008392334
230,357.4599914550781,55.20000076293945,176.02999877929688,92.93000030517578,96.86000061035156,183.759994506836,130.5,358.2699890136719,26.059999465942383
231,363.2200012207031,54.630001068115234,179.05999755859375,88.62999725341797,100.27999877929688,192.6699981689453,134.86000061035156,361.9599914550781,26.8700008392334
232,362.6600036621094,54.15999984741211,174.9600067138672,89.4000015258789,99.41000366210938,190.19000244140625,133.1300048828125,360.489990234375,21.600000381469727
233,363.6700134277344,54.2400016784668,177.0,88.43000030517578,96.81999969482422,190.75,130.5500030517578,361.0899963378906,21.75
234,362.05999755859375,53.66999816894531,175.85000610351562,87.11000061035156,95.88999938964844,185.2400054931641,125.83000183105467,355.29998779296875,20.959999084472656
235,366.0199890136719,53.83000183105469,175.7899932861328,89.16000366210938,96.63999938964844,190.25,126.7300033569336,359.0799865722656,21.64999961853028
236,366.7900085449219,51.81999969482422,176.02000427246094,89.19999694824219,96.19000244140624,193.44000244140625,124.76000213623048,360.9100036621094,20.920000076293945
237,366.6900024414063,52.060001373291016,177.4499969482422,88.30000305175781,96.5199966430664,194.7100067138672,132.27999877929688,359.69000244140625,21.200000762939453
238,369.8500061035156,51.59000015258789,181.1300048828125,89.5199966430664,97.2699966430664,196.27999877929688,132.85000610351562,363.4700012207031,21.46999931335449
239,369.0899963378906,52.630001068115234,179.85000610351562,90.25,97.25,194.44000244140625,134.60000610351562,353.1400146484375,21.270000457763672
240,370.1700134277344,52.130001068115234,180.9199981689453,92.83999633789062,97.58999633789062,192.509994506836,132.77000427246094,359.760009765625,21.489999771118164
241,366.8500061035156,54.04999923706055,182.0800018310547,93.5999984741211,97.75,193.2400054931641,134.41000366210938,354.0400085449219,21.809999465942383
242,366.7300109863281,54.459999084472656,180.77999877929688,94.1999969482422,98.16999816894533,192.8500061035156,132.97999572753906,347.3500061035156,21.6299991607666
243,366.2999877929688,54.34999847412109,180.77999877929688,94.38999938964844,99.06999969482422,191.7400054931641,134.75,349.1099853515625,20.850000381469727
244,364.6600036621094,55.060001373291016,175.17999267578125,94.0999984741211,99.51000213623048,190.9900054931641,131.52999877929688,347.260009765625,20.34000015258789
245,369.5899963378906,54.75,174.94000244140625,96.69000244140624,101.68000030517578,190.7700042724609,134.13999938964844,352.92999267578125,20.690000534057617
246,370.1700134277344,54.5099983215332,171.9199981689453,96.36000061035156,99.3499984741211,189.7400054931641,132.61000061035156,354.1099853515625,20.32999992370605
247,372.239990234375,55.27999877929688,171.16000366210938,96.30999755859376,99.08999633789062,190.0500030517578,135.25,352.0,20.75
248,369.1799926757813,55.59000015258789,169.86000061035156,96.9499969482422,95.11000061035156,186.94000244140625,138.42999267578125,354.3500061035156,20.209999084472656
249,367.8599853515625,55.77000045776367,169.7100067138672,97.94000244140624,92.0199966430664,186.759994506836,136.60000610351562,346.1300048828125,20.39999961853028
250,367.239990234375,56.630001068115234,167.5399932861328,97.98999786376952,92.33000183105467,185.0599975585937,135.6699981689453,348.0,20.06999969482422
251,367.5700073242188,56.22999954223633,167.83999633789062,97.51000213623048,92.02999877929688,188.5399932861328,137.14999389648438,339.4200134277344,20.700000762939453
252,369.0,56.790000915527344,169.77000427246094,98.30999755859376,92.7699966430664,189.6999969482422,138.72000122070312,338.3999938964844,20.43000030517578
253,372.1700134277344,55.38999938964844,170.3699951171875,98.12000274658205,93.41000366210938,189.97999572753903,140.49000549316406,354.19000244140625,20.309999465942383
254,371.4599914550781,54.650001525878906,168.86000061035156,97.69000244140624,93.16000366210938,189.07000732421875,139.47000122070312,347.3699951171875,20.07999992370605
255,371.989990234375,54.77000045776367,170.9499969482422,97.41000366210938,93.51000213623048,191.3500061035156,142.50999450683594,350.2300109863281,20.479999542236328
256,373.8800048828125,54.93000030517578,171.13999938964844,98.87999725341795,95.43000030517578,194.3300018310547,140.9499969482422,353.4599914550781,20.190000534057617
257,368.7900085449219,53.68000030517578,166.9199981689453,97.12999725341795,94.02999877929688,188.1100006103516,136.11000061035156,343.6000061035156,19.21999931335449
258,371.3299865722656,52.88999938964844,166.72000122070312,96.9499969482422,92.61000061035156,187.009994506836,138.58999633789062,348.8900146484375,19.75
259,373.5499877929688,55.20000076293945,173.6199951171875,98.79000091552734,93.70999908447266,197.7400054931641,142.97000122070312,350.989990234375,21.40999984741211
260,379.1000061035156,55.040000915527344,175.8699951171875,94.73999786376952,89.7699966430664,200.1300048828125,144.30999755859375,355.0599975585937,21.5
261,381.260009765625,54.15999984741211,172.88999938964844,94.5,89.26000213623047,201.5500030517578,143.67999267578125,350.1499938964844,21.420000076293945
262,378.6900024414063,55.84999847412109,171.38999938964844,95.08999633789062,87.66999816894531,201.5800018310547,147.5800018310547,339.5,22.38999938964844
263,378.7699890136719,56.52000045776367,174.25999450683594,95.06999969482422,87.62000274658203,204.5500030517578,150.8699951171875,339.4700012207031,23.299999237060547
264,379.7900085449219,56.060001373291016,171.58999633789062,94.93000030517578,88.45999908447266,203.07000732421875,149.6699981689453,335.8099975585937,22.229999542236328
265,378.4599914550781,56.61000061035156,170.10000610351562,93.4499969482422,87.63999938964844,206.9499969482422,151.97000122070312,327.1400146484375,22.38999938964844
266,375.7000122070313,56.09000015258789,168.57000732421875,94.8000030517578,90.02999877929688,208.27999877929688,148.97000122070312,326.07000732421875,22.059999465942383
267,378.6499938964844,56.400001525878906,172.47000122070312,96.19000244140624,90.08000183105467,212.9900054931641,148.89999389648438,322.0400085449219,21.809999465942383
268,383.8900146484375,58.43000030517578,175.49000549316406,96.05999755859376,90.08999633789062,213.1600036621093,151.2100067138672,332.19000244140625,22.21999931335449
269,384.239990234375,58.02000045776367,176.11000061035156,94.26000213623048,89.44999694824219,211.94000244140625,150.92999267578125,331.4200134277344,22.61000061035156
270,382.8800048828125,57.52000045776367,177.97999572753906,92.30999755859376,89.08999633789062,211.7899932861328,149.77000427246094,324.4800109863281,22.59000015258789
271,384.3900146484375,57.619998931884766,179.27000427246094,92.41999816894533,90.44000244140624,211.6100006103516,148.82000732421875,328.1300048828125,22.21999931335449
272,383.7900085449219,55.27999877929688,179.67999267578125,91.72000122070312,90.9499969482422,211.2700042724609,148.75,323.1600036621094,21.81999969482422
273,374.4100036621094,54.36000061035156,187.6000061035156,87.04000091552734,90.83000183105467,201.4600067138672,144.33999633789062,318.20001220703125,19.540000915527344
274,377.6300048828125,55.02000045776367,182.4499969482422,88.48999786376953,88.56999969482422,206.6600036621093,148.2899932861328,324.4200134277344,20.6200008392334
275,370.0700073242188,54.310001373291016,179.99000549316406,87.19000244140625,89.0,197.8699951171875,143.60000610351562,318.1199951171875,20.25
276,376.2300109863281,55.08000183105469,185.22000122070312,86.19000244140625,88.6500015258789,200.83999633789065,145.85000610351562,325.489990234375,20.13999938964844
277,381.5499877929688,55.369998931884766,178.6199951171875,86.75,88.66000366210938,205.08999633789065,145.32000732421875,331.2200012207031,20.75
278,381.8500061035156,55.47999954223633,177.32000732421875,86.95999908447266,87.05000305175781,201.8600006103516,148.39999389648438,331.6099853515625,21.36000061035156
279,386.1900024414063,55.91999816894531,188.8600006103516,88.13999938964844,88.77999877929688,209.3099975585937,149.05999755859375,338.260009765625,22.14999961853028
280,387.7099914550781,56.41999816894531,184.3699951171875,87.47000122070312,89.05000305175781,211.0599975585937,152.52000427246094,344.9800109863281,22.64999961853028
281,390.510009765625,57.33000183105469,185.47999572753903,86.16999816894531,89.08000183105469,213.3099975585937,153.10000610351562,349.1499938964844,22.270000457763672
282,390.25,56.290000915527344,189.42999267578125,86.2699966430664,89.5999984741211,214.6600036621093,156.0800018310547,349.3399963378906,21.90999984741211
283,390.0799865722656,55.27999877929688,189.5500030517578,85.52999877929688,91.8499984741211,215.0500030517578,159.91000366210938,349.0,22.489999771118164
284,390.7099914550781,55.0099983215332,189.88999938964844,86.37000274658203,91.04000091552734,214.6999969482422,159.7100067138672,341.0599975585937,23.270000457763672
285,392.6400146484375,54.95000076293945,189.9499969482422,86.2699966430664,91.0500030517578,218.0800018310547,169.27999877929688,342.44000244140625,23.09000015258789
286,392.2999877929688,53.47999954223633,188.57000732421875,85.12999725341797,91.12999725341795,220.19000244140625,171.11000061035156,345.1000061035156,23.270000457763672
287,392.3900146484375,54.220001220703125,188.8699951171875,86.25,92.43000030517578,218.38999938964844,168.4499969482422,339.1099853515625,22.950000762939453
288,390.7200012207031,53.95000076293945,191.57000732421875,88.0999984741211,93.69000244140624,214.1999969482422,166.3300018310547,340.45001220703125,23.15999984741211
289,390.0299987792969,54.59999847412109,194.9600067138672,87.05999755859375,93.55999755859376,224.4900054931641,171.89999389648438,343.489990234375,24.14999961853028
290,387.0299987792969,54.36000061035156,194.1600036621093,87.79000091552734,89.41000366210938,225.8800048828125,173.6999969482422,340.5,24.690000534057617
291,387.5,53.72999954223633,197.3699951171875,89.75,89.62999725341797,226.5,177.92999267578125,336.7099914550781,24.64999961853028
292,391.7699890136719,53.810001373291016,206.82000732421875,87.73999786376953,88.66999816894531,232.1000061035156,182.97999572753903,338.3099975585937,25.950000762939453
293,382.3299865722656,52.93000030517578,204.07000732421875,87.11000061035156,88.2300033569336,223.94000244140625,172.60000610351562,328.04998779296875,25.229999542236328
294,380.3599853515625,53.220001220703125,203.1100006103516,85.94999694824219,84.61000061035156,221.2400054931641,174.99000549316406,324.3399963378906,24.950000762939453
295,389.5799865722656,54.47999954223633,208.67999267578125,87.63999938964844,85.75,229.0800018310547,179.75999450683594,344.8800048828125,25.59000015258789
296,386.5400085449219,53.9900016784668,209.9100036621093,88.70999908447266,87.23999786376953,225.7899932861328,181.47999572753903,342.3999938964844,25.729999542236328
297,381.4200134277344,53.220001220703125,214.3800048828125,88.86000061035156,88.44999694824219,223.69000244140625,182.6300048828125,336.3099975585937,25.75
298,376.7000122070313,52.84000015258789,210.8800048828125,86.98999786376953,88.9000015258789,217.2400054931641,175.69000244140625,326.7300109863281,25.3799991607666
299,383.6300048828125,54.290000915527344,217.2899932861328,89.55999755859375,91.70999908447266,222.3000030517578,186.1100006103516,339.3500061035156,27.309999465942383
300,381.7200012207031,54.84999847412109,218.22999572753903,91.0199966430664,91.63999938964844,224.07000732421875,187.2700042724609,340.6000061035156,28.8799991607666
301,387.1700134277344,55.36000061035156,217.52999877929688,90.18000030517578,89.33999633789062,223.5,183.63999938964844,345.8399963378906,28.989999771118164
302,389.5799865722656,56.83000183105469,218.88999938964844,92.22000122070312,90.80999755859376,225.6499938964844,184.9900054931641,353.0400085449219,30.14999961853028
303,393.5299987792969,57.04999923706055,214.8000030517578,92.79000091552734,89.87999725341797,226.5399932861328,185.77999877929688,360.0400085449219,29.850000381469727
304,394.05999755859375,56.84000015258789,217.3500061035156,93.04000091552734,91.41999816894533,225.4900054931641,189.0399932861328,358.2900085449219,30.809999465942383
305,396.4100036621094,57.47999954223633,223.08999633789065,93.37999725341795,93.19000244140624,228.1300048828125,188.32000732421875,351.6000061035156,32.25
306,395.9100036621094,56.93999862670898,220.6000061035156,93.37000274658205,93.8000030517578,221.1199951171875,182.8600006103516,347.95001220703125,31.15999984741211
307,397.260009765625,57.02000045776367,222.8000030517578,91.0999984741211,92.43000030517578,225.4900054931641,185.94000244140625,343.2200012207031,31.670000076293945
308,391.4800109863281,57.09999847412109,225.5200042724609,90.3499984741211,93.52999877929688,226.8999938964844,183.3500061035156,337.2300109863281,30.8799991607666
309,389.4800109863281,57.31999969482422,225.3999938964844,90.94000244140624,94.08999633789062,228.42999267578125,183.7400054931641,333.04998779296875,30.989999771118164
310,392.5899963378906,57.790000915527344,220.0500030517578,90.12999725341795,93.54000091552734,229.17999267578125,183.1499938964844,336.3299865722656,30.200000762939453
311,389.5,56.880001068115234,215.32000732421875,90.75,94.18000030517578,221.57000732421875,181.27999877929688,333.010009765625,27.8700008392334
312,387.5199890136719,57.29999923706055,215.4900054931641,92.48999786376952,95.8499984741211,222.47000122070312,185.3999938964844,335.95001220703125,27.36000061035156
313,389.7000122070313,58.02999877929688,224.259994506836,94.2300033569336,97.08000183105467,227.69000244140625,192.3000030517578,337.0599975585937,28.729999542236328
314,395.9800109863281,60.04999923706055,229.6300048828125,95.25,97.23999786376952,232.5800018310547,195.6699981689453,346.6099853515625,29.51000022888184
315,395.7799987792969,60.130001068115234,227.8999938964844,96.1999969482422,98.8499984741211,229.27999877929688,191.2700042724609,341.20001220703125,28.76000022888184
316,394.7300109863281,60.0099983215332,232.0399932861328,95.5500030517578,98.88999938964844,232.8000030517578,195.02999877929688,337.3099975585937,30.11000061035156
317,396.3299865722656,59.900001525878906,230.7400054931641,95.61000061035156,98.8499984741211,232.4499969482422,192.3099975585937,341.3099975585937,29.780000686645508
318,400.6099853515625,60.9900016784668,231.7400054931641,95.5500030517578,98.23999786376952,235.4100036621093,198.27999877929688,348.3099975585937,29.950000762939453
319,406.3599853515625,61.79999923706055,234.27999877929688,96.72000122070312,98.62000274658205,238.27999877929688,201.19000244140625,354.0400085449219,30.26000022888184
320,406.1199951171875,62.43000030517578,233.72999572753903,95.43000030517578,98.26000213623048,236.42999267578125,200.67999267578125,348.8699951171875,30.76000022888184
321,406.5899963378906,61.09999847412109,235.1999969482422,95.86000061035156,98.2300033569336,238.08999633789065,197.7400054931641,350.29998779296875,30.700000762939453
322,408.5199890136719,61.52000045776367,234.3600006103516,94.9800033569336,98.31999969482422,237.0599975585937,198.4499969482422,345.7200012207031,31.40999984741211
323,411.489990234375,62.97999954223633,235.58999633789065,95.68000030517578,99.12999725341795,240.7899932861328,202.92999267578125,352.4800109863281,32.439998626708984
324,411.6400146484375,63.18999862670898,236.32000732421875,96.43000030517578,99.36000061035156,245.6699981689453,204.1100006103516,355.1700134277344,32.7599983215332
325,412.8599853515625,62.790000915527344,232.9100036621093,97.29000091552734,99.08999633789062,243.2899932861328,202.58999633789065,355.4800109863281,32.2599983215332
326,411.4500122070313,62.47999954223633,233.25,97.18000030517578,100.12999725341795,246.92999267578125,201.7400054931641,350.0799865722656,32.2599983215332
327,415.8699951171875,63.209999084472656,232.13999938964844,100.4000015258789,101.31999969482422,247.5200042724609,201.6699981689453,351.8599853515625,32.970001220703125
328,417.260009765625,64.58999633789062,235.5200042724609,98.76000213623048,101.81999969482422,248.7700042724609,204.8099975585937,350.5199890136719,32.689998626708984
329,415.2099914550781,64.55000305175781,236.009994506836,99.29000091552734,101.83999633789062,246.7100067138672,199.9100036621093,343.739990234375,32.40999984741211
330,412.1700134277344,63.5,234.57000732421875,99.79000091552734,104.58999633789062,242.3800048828125,196.0500030517578,341.70001220703125,31.780000686645508
331,416.0700073242188,64.05000305175781,236.9900054931641,101.20999908447266,103.38999938964844,247.3300018310547,201.1100006103516,347.6499938964844,32.810001373291016
332,412.2699890136719,64.06999969482422,240.22999572753903,100.1500015258789,103.4000015258789,242.8999938964844,199.1699981689453,348.5599975585937,33.2400016784668
333,416.739990234375,64.75,238.69000244140625,100.76000213623048,103.3499984741211,249.13999938964844,203.33999633789065,353.7200012207031,34.0099983215332
334,417.6099853515625,63.400001525878906,235.9900054931641,99.86000061035156,102.41000366210938,247.5,206.7100067138672,349.3599853515625,33.470001220703125
335,417.5199890136719,63.56999969482422,239.6999969482422,99.91000366210938,101.4800033569336,256.5299987792969,208.3600006103516,350.1499938964844,34.400001525878906
336,417.3999938964844,63.9900016784668,237.259994506836,100.36000061035156,100.3000030517578,256.6199951171875,207.6999969482422,345.20001220703125,34.2599983215332
337,420.05999755859375,64.94000244140625,240.02999877929688,101.9499969482422,102.18000030517578,260.8399963378906,212.97999572753903,351.0599975585937,33.849998474121094
338,417.2999877929688,63.880001068115234,237.6000061035156,100.73999786376952,103.58999633789062,258.3999938964844,205.5,345.1400146484375,33.099998474121094
339,418.2000122070313,65.13999938964844,238.3699951171875,102.55999755859376,103.79000091552734,257.8500061035156,221.0,350.6199951171875,35.470001220703125
340,415.6199951171875,65.54000091552734,243.0200042724609,103.12999725341795,103.5500030517578,257.5299987792969,219.83999633789065,350.7799987792969,35.220001220703125
341,415.75,65.5199966430664,245.4900054931641,103.8000030517578,102.52999877929688,261.25,224.3000030517578,348.5899963378906,34.369998931884766
342,419.0700073242188,66.05000305175781,250.1199951171875,104.1999969482422,103.3499984741211,263.6000061035156,224.8800048828125,350.25,34.72999954223633
343,422.1199951171875,66.86000061035156,251.5599975585937,105.18000030517578,103.0,265.6499938964844,229.7400054931641,360.6700134277344,35.439998626708984
344,417.9400024414063,67.11000061035156,255.3699951171875,105.73999786376952,103.51000213623048,264.1000061035156,226.47999572753903,360.739990234375,35.65999984741211
345,414.2099914550781,64.69000244140625,251.0200042724609,105.08000183105467,101.30999755859376,258.1499938964844,219.47000122070312,354.67999267578125,35.290000915527344
346,405.4100036621094,62.119998931884766,245.47999572753903,104.76000213623048,99.25,250.83999633789065,209.4900054931641,343.760009765625,32.459999084472656
347,410.2799987792969,63.77000045776367,252.97999572753903,106.0500030517578,100.61000061035156,253.9199981689453,218.97000122070312,353.2099914550781,33.5
348,416.5799865722656,64.1500015258789,255.19000244140625,107.0999984741211,100.45999908447266,258.3399963378906,219.1000061035156,358.0799865722656,35.709999084472656
349,415.5199890136719,63.810001373291016,253.08999633789065,106.55999755859376,98.51000213623048,257.1499938964844,218.25,352.0400085449219,36.33000183105469
350,411.9400024414063,61.650001525878906,250.25,105.9800033569336,99.13999938964844,252.77999877929688,214.69000244140625,348.0,34.97999954223633
351,410.8599853515625,61.43999862670898,249.1199951171875,101.0,98.11000061035156,252.259994506836,207.8600006103516,342.489990234375,33.939998626708984
352,415.2799987792969,61.22999954223633,248.13999938964844,102.04000091552734,98.31999969482422,252.7400054931641,207.9600067138672,349.4599914550781,32.58000183105469
353,414.9400024414063,60.66999816894531,249.97999572753903,99.13999938964844,98.18000030517578,254.2700042724609,207.2100067138672,348.42999267578125,32.540000915527344
354,419.1700134277344,60.650001525878906,253.3800048828125,97.45999908447266,98.43000030517578,254.7100067138672,208.27999877929688,354.5400085449219,32.779998779296875
355,418.239990234375,61.04999923706055,251.7100067138672,97.27999877929688,98.29000091552734,253.5,207.3600006103516,355.5,32.65999984741211
356,419.0700073242188,61.150001525878906,252.1499938964844,98.4000015258789,98.62000274658205,255.72999572753903,208.8099975585937,354.20001220703125,34.02000045776367
357,419.2900085449219,60.470001220703125,253.69000244140625,99.1500015258789,99.16000366210938,260.29998779296875,212.97999572753903,354.1499938964844,35.150001525878906
358,420.0400085449219,60.310001373291016,254.6199951171875,99.08000183105467,99.16999816894533,259.8399963378906,210.67999267578125,353.5400085449219,33.45000076293945
359,419.6700134277344,60.619998931884766,255.63999938964844,99.30999755859376,99.44000244140624,262.2799987792969,204.6499938964844,352.9800109863281,33.119998931884766
360,420.3299865722656,59.38999938964844,254.2899932861328,100.47000122070312,100.47000122070312,262.69000244140625,202.7700042724609,352.2799987792969,32.4900016784668
361,418.7699890136719,59.09000015258789,253.57000732421875,99.95999908447266,101.19000244140624,263.82000732421875,201.92999267578125,350.8800048828125,31.6200008392334
362,422.6000061035156,59.77999877929688,254.33999633789065,100.36000061035156,100.70999908447266,265.4100036621094,201.4100036621093,352.20001220703125,31.600000381469727
363,422.1900024414063,59.2400016784668,251.08999633789065,96.38999938964844,100.97000122070312,264.8599853515625,201.25,346.79998779296875,31.350000381469727
364,422.2799987792969,59.18000030517578,247.9499969482422,95.86000061035156,100.29000091552734,263.9100036621094,203.13999938964844,347.42999267578125,32.25
365,421.6499938964844,58.40999984741211,244.4199981689453,94.81999969482422,101.1500015258789,260.7200012207031,198.3999938964844,347.8800048828125,31.600000381469727
366,423.6099853515625,58.45000076293945,240.5800018310547,94.0199966430664,101.22000122070312,257.32000732421875,190.94000244140625,351.1099853515625,31.309999465942383
367,424.30999755859375,58.75,238.8800048828125,93.5999984741211,101.79000091552734,258.5599975585937,193.1300048828125,352.8399963378906,32.310001373291016
368,425.260009765625,58.84999847412109,235.25,93.12000274658205,101.0999984741211,254.6199951171875,188.2400054931641,353.260009765625,32.439998626708984
369,424.4800109863281,59.45000076293945,231.08999633789065,93.76000213623048,100.95999908447266,254.9199981689453,189.6199951171875,357.79998779296875,32.349998474121094
370,422.1099853515625,58.90999984741211,223.6600036621093,92.91999816894533,100.56999969482422,253.6100006103516,186.6000061035156,356.8399963378906,32.880001068115234
371,421.9700012207031,59.119998931884766,215.1300048828125,91.83999633789062,100.3000030517578,244.9600067138672,183.8800048828125,361.6900024414063,32.380001068115234
372,414.9200134277344,57.86000061035156,212.5800018310547,92.30999755859376,97.87999725341795,236.6600036621093,180.6600036621093,354.8599853515625,31.280000686645508
373,420.8599853515625,58.58000183105469,220.52999877929688,94.5999984741211,99.04000091552734,241.3500061035156,187.1999969482422,362.7900085449219,31.61000061035156
374,423.1099853515625,58.45000076293945,219.77999877929688,94.9499969482422,98.41000366210938,242.97000122070312,190.0500030517578,374.5,32.290000915527344
375,422.6000061035156,57.75,219.22000122070312,94.91999816894533,97.3499984741211,243.07000732421875,188.32000732421875,375.7799987792969,32.939998626708984
376,425.1000061035156,57.59999847412109,221.27999877929688,95.69000244140624,97.45999908447266,245.44000244140625,190.22000122070312,377.7999877929688,33.099998474121094
377,426.6099853515625,57.97999954223633,221.82000732421875,96.8499984741211,98.93000030517578,248.63999938964844,195.72000122070312,378.260009765625,33.9900016784668
378,427.4700012207031,58.11000061035156,219.07000732421875,97.33000183105467,98.75,246.57000732421875,189.88999938964844,379.5899963378906,32.65999984741211
379,427.7000122070313,58.13999938964844,219.2400054931641,98.44000244140624,96.41000366210938,248.19000244140625,190.3500061035156,382.5199890136719,32.58000183105469
380,428.05999755859375,58.90999984741211,223.42999267578125,98.20999908447266,96.11000061035156,248.8800048828125,192.19000244140625,382.0,33.650001525878906
381,430.4299926757813,58.81999969482422,223.4199981689453,98.83999633789062,96.9800033569336,250.9900054931641,197.3000030517578,380.9200134277344,33.52000045776367
382,433.7200012207031,58.72999954223633,223.9100036621093,98.97000122070312,97.11000061035156,250.9199981689453,195.0800018310547,383.5,33.400001525878906
383,432.9299926757813,57.95000076293945,222.47999572753903,97.86000061035156,97.08000183105467,247.19000244140625,193.7100067138672,382.7799987792969,32.290000915527344
384,434.4599914550781,58.459999084472656,226.1100006103516,99.11000061035156,97.9499969482422,248.92999267578125,197.8699951171875,389.6099853515625,31.3799991607666
385,430.9200134277344,57.5099983215332,223.75,98.48999786376952,97.66000366210938,241.3300018310547,193.1499938964844,386.7999877929688,30.88999938964844
386,435.5199890136719,58.45000076293945,227.6499938964844,99.62999725341795,98.52999877929688,248.9499969482422,198.9499969482422,388.3200073242188,32.34000015258789
387,437.0799865722656,58.65999984741211,227.07000732421875,99.87999725341795,99.44000244140624,251.6499938964844,198.759994506836,392.0700073242188,32.290000915527344
388,435.5899963378906,58.36000061035156,223.509994506836,97.79000091552734,98.8000030517578,249.6000061035156,194.47000122070312,380.9800109863281,31.489999771118164
389,436.239990234375,58.45000076293945,224.9499969482422,97.4499969482422,99.4499969482422,246.8500061035156,194.32000732421875,378.9500122070313,31.0
390,434.75,58.58000183105469,223.6199951171875,94.9499969482422,100.81999969482422,248.8600006103516,190.7899932861328,369.1499938964844,29.71999931335449
391,431.3399963378906,59.13999938964844,219.8000030517578,96.18000030517578,101.23999786376952,246.77999877929688,186.1600036621093,386.2200012207031,28.31999969482422
392,424.9700012207031,59.08000183105469,216.3699951171875,94.56999969482422,98.9499969482422,238.1100006103516,180.6199951171875,378.5799865722656,27.670000076293945
393,431.05999755859375,59.130001068115234,223.259994506836,94.41999816894533,99.48999786376952,245.82000732421875,186.5200042724609,389.2000122070313,28.51000022888184
394,434.5499877929688,59.5,224.02999877929688,94.01000213623048,98.25,251.1199951171875,192.63999938964844,392.1600036621094,29.46999931335449
395,435.4599914550781,58.95000076293945,221.5800018310547,93.4000015258789,97.66000366210938,246.8800048828125,187.3800048828125,391.0700073242188,29.020000457763672
396,439.9400024414063,59.77999877929688,224.58999633789065,94.7300033569336,99.4499969482422,248.88999938964844,191.83999633789065,395.3399963378906,29.13999938964844
397,441.0199890136719,59.31999969482422,220.1300048828125,94.63999938964844,99.5199966430664,251.1499938964844,191.07000732421875,388.7999877929688,30.0
398,439.010009765625,59.709999084472656,220.44000244140625,95.87999725341795,101.0999984741211,249.5500030517578,189.3500061035156,388.8599853515625,29.239999771118164
399,438.8299865722656,59.650001525878906,220.2899932861328,94.5199966430664,100.3499984741211,252.0599975585937,189.9100036621093,390.3699951171875,28.700000762939453
400,440.6499938964844,58.65999984741211,221.02999877929688,95.76000213623048,100.19000244140624,259.2099914550781,195.83999633789065,393.1400146484375,28.940000534057617
401,438.510009765625,59.709999084472656,217.97999572753903,95.16000366210938,98.58999633789062,257.5599975585937,194.8999938964844,394.1799926757813,29.170000076293945
402,437.5899963378906,59.34000015258789,219.22000122070312,95.04000091552734,99.54000091552734,258.4200134277344,194.6000061035156,389.3699951171875,29.100000381469727
403,441.1499938964844,60.33000183105469,223.2700042724609,96.61000061035156,99.68000030517578,259.8699951171875,199.3099975585937,390.4200134277344,29.459999084472656
404,438.9800109863281,59.95000076293945,221.47999572753903,95.3499984741211,99.38999938964844,255.5599975585937,196.63999938964844,387.80999755859375,27.100000381469727
405,441.760009765625,60.4900016784668,222.9499969482422,95.41999816894533,101.30999755859376,261.69000244140625,199.1000061035156,392.0,28.51000022888184
406,442.489990234375,60.43000030517578,224.44000244140625,96.91999816894533,100.88999938964844,265.5899963378906,201.2899932861328,391.2999877929688,29.11000061035156
407,442.1300048828125,59.18000030517578,223.4600067138672,97.12000274658205,101.12000274658205,265.6099853515625,196.52999877929688,392.4500122070313,29.01000022888184
408,442.6799926757813,59.9900016784668,225.3500061035156,96.3499984741211,100.88999938964844,268.42999267578125,201.0500030517578,390.8299865722656,30.290000915527344
409,443.7799987792969,61.95000076293945,229.83999633789065,97.08999633789062,101.13999938964844,271.32000732421875,208.509994506836,390.1300048828125,30.3799991607666
410,445.1099853515625,62.20000076293945,227.8300018310547,96.94000244140624,100.56999969482422,272.79998779296875,209.8000030517578,388.6499938964844,30.0
411,445.9200134277344,62.59999847412109,230.13999938964844,96.12000274658205,101.47000122070312,272.1700134277344,209.1600036621093,389.4100036621094,28.88999938964844
412,446.9700012207031,62.93000030517578,231.6300048828125,97.0999984741211,101.06999969482422,271.260009765625,207.44000244140625,393.4200134277344,28.0
413,444.0400085449219,61.31999969482422,225.92999267578125,95.66999816894533,100.9499969482422,268.7300109863281,199.7400054931641,394.1900024414063,26.76000022888184
414,439.1799926757813,59.90999984741211,220.3500061035156,95.56999969482422,98.98999786376952,264.0199890136719,197.8600006103516,388.25,26.670000076293945
415,439.8599853515625,59.9900016784668,216.3800048828125,96.1999969482422,98.63999938964844,260.3599853515625,196.9499969482422,391.3800048828125,27.420000076293945
416,443.3599853515625,60.72999954223633,219.52999877929688,97.56999969482422,98.7699966430664,261.6000061035156,200.77999877929688,391.80999755859375,28.270000457763672
417,447.260009765625,60.86000061035156,222.1600036621093,97.29000091552734,97.81999969482422,265.0199890136719,201.1000061035156,391.9299926757813,28.31999969482422
418,447.9700012207031,61.20000076293945,225.33999633789065,96.62999725341795,98.12000274658205,268.1400146484375,203.32000732421875,390.8999938964844,29.020000457763672
419,448.9100036621094,61.91999816894531,226.2700042724609,96.22000122070312,97.48999786376952,272.67999267578125,204.759994506836,392.1600036621094,27.479999542236328
420,446.260009765625,61.709999084472656,224.8300018310547,96.2300033569336,96.6999969482422,270.0199890136719,201.08999633789065,390.0700073242188,26.350000381469727
421,450.25,61.9900016784668,227.2400054931641,97.48999786376952,97.37999725341795,276.4200134277344,203.6499938964844,391.6900024414063,26.51000022888184
422,452.2300109863281,61.90999984741211,226.1600036621093,96.1500015258789,97.47000122070312,272.7799987792969,202.1699981689453,393.5299987792969,26.739999771118164
423,451.55999755859375,60.720001220703125,224.9499969482422,96.33999633789062,97.51000213623048,272.9100036621094,197.759994506836,395.7699890136719,26.729999542236328
424,451.7999877929688,61.22999954223633,224.92999267578125,96.41000366210938,98.25,272.2799987792969,196.0,396.1099853515625,26.450000762939453
425,453.1900024414063,61.77000045776367,228.22000122070312,96.3499984741211,98.3000030517578,273.94000244140625,198.5200042724609,396.3800048828125,25.68000030517578
426,453.0799865722656,61.18999862670898,226.8999938964844,96.2300033569336,97.5,272.3500061035156,194.07000732421875,396.5299987792969,25.11000061035156
427,451.4599914550781,59.0099983215332,221.8300018310547,94.26000213623048,96.12999725341795,269.8399963378906,192.17999267578125,391.4599914550781,24.88999938964844
428,450.9100036621094,58.18000030517578,223.3099975585937,94.29000091552734,97.6500015258789,269.1000061035156,187.72000122070312,398.2999877929688,24.299999237060547
429,448.9800109863281,59.43999862670898,220.3099975585937,93.22000122070312,96.19000244140624,269.54998779296875,190.33999633789065,400.05999755859375,24.600000381469727
430,445.4400024414063,59.540000915527344,218.63999938964844,93.12000274658205,93.12000274658205,266.7300109863281,187.6199951171875,403.7099914550781,23.86000061035156
431,446.5799865722656,59.86000061035156,219.22000122070312,94.0,92.18000030517578,269.5899963378906,192.32000732421875,406.5299987792969,24.36000061035156
432,444.1700134277344,58.959999084472656,216.07000732421875,93.1999969482422,91.27999877929688,266.5799865722656,186.44000244140625,396.1099853515625,23.84000015258789
433,447.8800048828125,58.470001220703125,220.4499969482422,93.30999755859376,89.55999755859375,271.2699890136719,187.8600006103516,398.760009765625,23.82999992370605
434,447.1700134277344,58.13999938964844,219.4600067138672,92.98999786376952,89.76000213623047,271.25,184.97999572753903,399.5499877929688,24.200000762939453
435,441.3999938964844,57.22999954223633,213.6000061035156,92.61000061035156,89.08999633789062,269.54998779296875,181.82000732421875,392.8599853515625,24.350000381469727
436,434.0400085449219,56.810001373291016,211.8699951171875,92.20999908447266,89.12999725341797,256.3099975585937,182.2400054931641,393.6000061035156,23.81999969482422
437,433.6300048828125,56.220001220703125,210.0,92.06999969482422,88.77999877929688,253.5,179.63999938964844,393.2999877929688,23.280000686645508
438,437.8599853515625,56.5099983215332,212.0200042724609,92.04000091552734,88.75,259.1300048828125,184.0800018310547,396.2000122070313,23.6299991607666
439,443.1799926757813,56.66999816894531,215.3699951171875,91.56999969482422,88.12999725341797,267.75,185.27999877929688,401.7799987792969,24.190000534057617
440,443.9100036621094,56.08000183105469,214.58999633789065,91.55999755859376,88.22000122070312,271.3999938964844,184.38999938964844,401.4700012207031,23.90999984741211
441,442.6400146484375,56.11000061035156,216.88999938964844,90.68000030517578,87.58000183105469,277.6000061035156,187.0800018310547,395.3900146484375,24.57999992370605
442,433.7200012207031,55.04999923706055,215.1699981689453,90.3499984741211,86.69000244140625,271.1499938964844,184.4600067138672,386.0700073242188,24.600000381469727
443,434.4500122070313,55.68999862670898,215.07000732421875,91.13999938964844,88.91000366210938,270.7099914550781,182.9499969482422,389.260009765625,24.68000030517578
444,429.1400146484375,55.54999923706055,208.9499969482422,90.38999938964844,88.19999694824219,264.1199951171875,177.39999389648438,380.6600036621094,22.700000762939453
445,434.239990234375,55.880001068115234,209.4199981689453,90.94000244140624,88.77999877929688,268.5299987792969,179.22999572753906,387.3200073242188,23.56999969482422
446,428.6400146484375,55.9900016784668,213.5,90.30999755859376,90.5500030517578,264.8900146484375,177.9199981689453,386.1000061035156,23.88999938964844
447,433.1000061035156,55.869998931884766,215.67999267578125,91.26000213623048,90.01000213623047,272.92999267578125,178.3000030517578,391.8500061035156,23.739999771118164
448,434.8999938964844,56.13999938964844,216.1100006103516,92.2699966430664,90.16000366210938,273.19000244140625,179.1199951171875,395.9400024414063,23.21999931335449
449,438.6600036621094,57.119998931884766,216.1600036621093,91.13999938964844,89.76000213623047,276.3500061035156,181.32000732421875,400.7999877929688,23.6299991607666
450,437.8599853515625,56.869998931884766,215.52999877929688,90.93000030517578,89.95999908447266,279.1000061035156,178.6300048828125,402.7999877929688,23.200000762939453
451,434.6900024414063,56.75,213.6699981689453,91.1999969482422,89.11000061035156,277.2300109863281,179.41000366210938,402.3699951171875,22.07999992370605
452,433.6199951171875,56.650001525878906,214.6000061035156,90.5199966430664,88.9800033569336,279.489990234375,181.02999877929688,404.0,22.690000534057617
453,435.1799926757813,56.810001373291016,213.1300048828125,90.81999969482422,92.1999969482422,278.3500061035156,179.8000030517578,405.3299865722656,22.540000915527344
454,442.5,58.560001373291016,218.9499969482422,90.01000213623047,93.94000244140624,285.8299865722656,185.7899932861328,416.4200134277344,22.739999771118164
455,445.8699951171875,59.27000045776367,219.1699981689453,91.25,93.0,289.8699951171875,184.02999877929688,416.0299987792969,22.13999938964844
456,447.1900024414063,60.09999847412109,222.6000061035156,90.33999633789062,91.0999984741211,289.010009765625,186.58999633789065,421.0700073242188,23.14999961853028
457,450.6400146484375,59.84999847412109,225.2899932861328,92.62000274658205,92.87999725341795,293.17999267578125,185.7700042724609,423.8999938964844,23.049999237060547
458,452.4100036621094,60.59999847412109,228.0200042724609,94.5,94.5199966430664,296.7300109863281,189.57000732421875,423.7000122070313,23.01000022888184
459,453.5899963378906,61.13999938964844,212.509994506836,94.62999725341795,93.4499969482422,296.1099853515625,191.8500061035156,424.6400146484375,22.93000030517578
460,453.1199951171875,61.0099983215332,210.42999267578125,95.62000274658205,94.04000091552734,298.20001220703125,192.1199951171875,426.8299865722656,22.520000457763672
461,455.5499877929688,61.5099983215332,210.1600036621093,96.3499984741211,94.1999969482422,298.0,193.58999633789065,428.5899963378906,22.51000022888184
462,455.9599914550781,61.08000183105469,205.6199951171875,96.25,94.02999877929688,297.3099975585937,193.2400054931641,430.5,22.709999084472656
463,453.9400024414063,64.26000213623047,202.02999877929688,94.3000030517578,91.77999877929688,296.32000732421875,192.8699951171875,422.9400024414063,21.76000022888184
464,458.3200073242188,65.5,205.8099975585937,95.69000244140624,92.88999938964844,303.5299987792969,199.0599975585937,426.05999755859375,22.959999084472656
465,459.25,65.55000305175781,203.22999572753903,94.87999725341795,92.12000274658205,302.1300048828125,177.2100067138672,433.1000061035156,22.690000534057617
466,460.0400085449219,64.63999938964844,204.77999877929688,94.6999969482422,93.04000091552734,305.7699890136719,183.57000732421875,430.7200012207031,23.64999961853028
467,461.8999938964844,64.08999633789062,205.0800018310547,94.62000274658205,93.79000091552734,307.8699951171875,174.35000610351562,435.3200073242188,23.270000457763672
468,464.7200012207031,64.16000366210938,211.02999877929688,95.1500015258789,93.36000061035156,310.239990234375,177.7899932861328,437.9200134277344,24.530000686645508
469,466.9100036621094,64.66999816894531,209.6000061035156,94.56999969482422,93.62999725341795,306.69000244140625,174.80999755859375,440.5899963378906,24.59000015258789
470,468.5299987792969,64.16999816894531,212.009994506836,95.83999633789062,93.98999786376952,305.239990234375,177.0,441.9500122070313,24.88999938964844
471,468.9299926757813,64.05000305175781,214.1100006103516,96.41000366210938,92.97000122070312,306.92999267578125,175.91000366210938,436.8599853515625,24.479999542236328
472,467.3800048828125,65.72000122070312,214.8500061035156,95.4499969482422,93.13999938964844,305.20001220703125,173.22000122070312,436.9500122070313,25.5
473,463.6199951171875,64.44000244140625,218.08999633789065,95.70999908447266,94.06999969482422,304.8299865722656,175.0,433.9100036621094,24.729999542236328
474,463.7699890136719,64.58000183105469,220.1000061035156,95.86000061035156,94.7699966430664,306.1099853515625,173.5,433.989990234375,24.959999084472656
475,467.2699890136719,66.70999908447266,221.25,96.16999816894533,95.43000030517578,308.5299987792969,177.32000732421875,438.5899963378906,24.81999969482422
476,467.4299926757813,67.23999786376953,221.67999267578125,93.9800033569336,96.20999908447266,307.67999267578125,176.02000427246094,438.9200134277344,24.84000015258789
477,469.2799987792969,68.4800033569336,223.6600036621093,93.87999725341795,94.56999969482422,308.67999267578125,179.32000732421875,443.3500061035156,25.059999465942383
478,468.1400146484375,68.08999633789062,217.5800018310547,90.7300033569336,93.8499984741211,302.4100036621094,175.02999877929688,444.5499877929688,23.76000022888184
479,469.7300109863281,67.75,215.759994506836,90.72000122070312,92.61000061035156,303.1700134277344,174.55999755859375,442.7799987792969,24.799999237060547
480,468.8900146484375,67.5999984741211,215.6499938964844,90.3000030517578,94.9000015258789,299.54998779296875,177.33999633789062,446.0499877929688,24.06999969482422
481,467.5700073242188,68.27999877929688,216.83999633789065,92.0500030517578,95.62000274658205,301.3099975585937,181.27999877929688,443.6600036621094,23.940000534057617
482,468.1900024414063,68.22000122070312,217.1100006103516,94.5199966430664,95.30999755859376,303.9700012207031,181.25,439.1600036621094,23.51000022888184
483,469.4400024414063,68.37999725341797,215.42999267578125,95.63999938964844,95.0,302.4599914550781,179.6999969482422,441.55999755859375,17.84000015258789
484,458.9700012207031,67.08000183105469,211.3000030517578,94.58999633789062,93.37999725341795,291.739990234375,175.4199981689453,428.2900085449219,17.329999923706055
485,464.6000061035156,67.33999633789062,212.82000732421875,94.97000122070312,93.8000030517578,293.7099914550781,174.3800048828125,434.7300109863281,17.799999237060547
486,455.55999755859375,65.9000015258789,205.9100036621093,92.94000244140624,90.31999969482422,289.6000061035156,167.8699951171875,422.1900024414063,16.530000686645508
487,450.5,65.66999816894531,202.7700042724609,93.12999725341795,89.43000030517578,284.94000244140625,165.30999755859375,417.6199951171875,15.979999542236328
488,457.3999938964844,67.54000091552734,210.07000732421875,96.0,90.68000030517578,295.7799987792969,171.50999450683594,432.1700134277344,16.299999237060547
489,453.4200134277344,68.76000213623047,211.1199951171875,95.22000122070312,92.76000213623048,290.20001220703125,172.83999633789062,427.2699890136719,16.719999313354492
490,458.7900085449219,68.48999786376953,210.2400054931641,96.79000091552734,94.55999755859376,293.6400146484375,175.35000610351562,435.3200073242188,17.34000015258789
491,468.2799987792969,68.5999984741211,214.2700042724609,96.80999755859376,94.87999725341795,301.5799865722656,179.3300018310547,446.0199890136719,17.3700008392334
492,469.5199890136719,68.8499984741211,214.6999969482422,95.12000274658205,94.41000366210938,300.5799865722656,178.8300018310547,450.9800109863281,17.34000015258789
493,466.3500061035156,68.44000244140625,214.3300018310547,95.25,95.2300033569336,297.3500061035156,179.27999877929688,449.1300048828125,17.190000534057617
494,470.739990234375,68.70999908447266,217.4499969482422,95.05999755859376,95.73999786376952,297.8099975585937,178.3800048828125,458.4500122070313,16.950000762939453
495,466.5700073242188,68.29000091552734,213.19000244140625,96.69000244140624,97.3499984741211,292.8399963378906,174.60000610351562,457.4299926757813,16.309999465942383
496,463.3599853515625,68.13999938964844,212.88999938964844,97.13999938964844,97.13999938964844,292.239990234375,175.13999938964844,448.5899963378906,16.510000228881836
497,470.6000061035156,69.30000305175781,216.67999267578125,101.80999755859376,98.5199966430664,298.239990234375,176.6300048828125,457.7099914550781,16.6299991607666
498,466.4500122070313,68.75,216.8800048828125,103.0199966430664,100.3499984741211,300.2300109863281,173.4499969482422,454.80999755859375,16.469999313354492
499,459.8699951171875,66.47000122070312,209.3500061035156,100.97000122070312,98.83000183105467,294.6300048828125,170.63999938964844,438.510009765625,16.81999969482422
500,454.9800109863281,64.73999786376953,204.509994506836,101.5199966430664,99.33000183105467,283.82000732421875,163.9499969482422,429.9400024414063,16.690000534057617
501,463.05999755859375,66.37999725341797,208.509994506836,101.22000122070312,99.45999908447266,294.5,168.42999267578125,436.7900085449219,17.18000030517578
502,467.6900024414063,67.44999694824219,208.17999267578125,101.16000366210938,102.12000274658205,298.69000244140625,169.25,428.8900146484375,17.190000534057617
503,470.6000061035156,68.0,209.94000244140625,101.25,102.7300033569336,302.2799987792969,171.16000366210938,435.0,17.280000686645508
